date,followers,followers_change,tweets,tweets_change
2019-12-05,67264902,25777,46637,40
2019-12-04,67239125,13874,46597,33
2019-12-03,67225251,24159,46564,35
2019-12-02,67201092,22689,46529,4
2019-12-01,67178403,21364,46525,21
2019-11-30,67157039,26822,46504,1
2019-11-29,67130217,37968,46503,7
2019-11-28,67092249,44461,46496,9
2019-11-27,67047788,18597,46487,18
2019-11-26,67029191,23086,46469,17
2019-11-25,67006105,21185,46452,52
2019-11-24,66984920,25321,46400,14
2019-11-23,66959599,24328,46386,13
2019-11-22,66935271,23872,46373,49
2019-11-21,66911399,24744,46324,33
2019-11-20,66886655,16305,46291,42
2019-11-19,66870350,16572,46249,15
2019-11-18,66853778,13948,46234,45
2019-11-17,66839830,15623,46189,21
2019-11-16,66824207,27351,46168,39
2019-11-15,66796856,19677,46129,30
2019-11-14,66777179,12136,46099,49
2019-11-13,66765043,29450,46050,19
2019-11-12,66735593,26494,46031,27
2019-11-11,66709099,27368,46004,20
2019-11-10,66681731,26636,45984,82
2019-11-09,66655095,27427,45902,7
2019-11-08,66627668,28277,45895,13
2019-11-07,66599391,29694,45882,18
2019-11-06,66569697,32108,45864,43
2019-11-05,66537589,28876,45821,19
2019-11-04,66508713,24225,45802,41
2019-11-03,66484488,25016,45761,28
2019-11-02,66459472,28905,45733,29
2019-11-01,66430567,31493,45704,44
2019-10-31,66399074,34319,45660,26
2019-10-30,66364755,41766,45634,55
2019-10-29,66322989,40266,45579,18
2019-10-28,66282723,75690,45561,5
2019-10-27,66207033,36992,45556,25
2019-10-26,66170041,24616,45531,44
2019-10-25,66145425,28954,45487,13
2019-10-24,66116471,28490,45474,39
2019-10-23,66087981,30317,45435,31
2019-10-22,66057664,28634,45404,27
2019-10-21,66029030,30252,45377,25
2019-10-20,65998778,27268,45352,59
2019-10-19,65971510,44577,45293,20
2019-10-18,65926933,68534,45273,22
2019-10-17,65858399,49574,45251,30
2019-10-16,65808825,48267,45221,20
2019-10-15,65760558,54754,45201,33
2019-10-14,65705804,54566,45168,22
2019-10-13,65651238,46889,45146,21
2019-10-12,65604349,51341,45125,58
2019-10-11,65553008,71319,45067,20
2019-10-10,65481689,48115,45047,43
2019-10-09,65433574,54279,45004,34
2019-10-08,65379295,73629,44970,53
2019-10-07,65305666,34814,44917,42
2019-10-06,65270852,31310,44875,23
2019-10-05,65239542,38099,44852,48
2019-10-04,65201443,42204,44804,49
2019-10-03,65159239,47050,44755,26
2019-10-02,65112189,49768,44729,26
2019-10-01,65062421,42817,44703,24
2019-09-30,65019604,36457,44679,45
2019-09-29,64983147,43172,44634,38
2019-09-28,64939975,47109,44596,20
2019-09-27,64892866,45420,44576,57
2019-09-26,64847446,69956,44519,31
2019-09-25,64777490,82582,44488,20
2019-09-24,64694908,57619,44468,16
2019-09-23,64637289,62425,44452,18
2019-09-22,64574864,45158,44434,21
2019-09-21,64529706,50654,44413,10
2019-09-20,64479052,27638,44403,11
2019-09-19,64451414,30811,44392,45
2019-09-18,64420603,34420,44347,8
2019-09-17,64386183,41692,44339,34
2019-09-16,64344491,36122,44305,18
2019-09-15,64308369,30904,44287,23
2019-09-14,64277465,38815,44264,9
2019-09-13,64238650,29285,44255,15
2019-09-12,64209365,40913,44240,38
2019-09-11,64168452,39017,44202,32
2019-09-10,64129435,34352,44170,33
2019-09-09,64095083,41269,44137,13
2019-09-08,64053814,35490,44124,26
2019-09-07,64018324,39573,44098,25
2019-09-06,63978751,25513,44073,27
2019-09-05,63953238,43314,44046,23
2019-09-04,63909924,40735,44023,22
2019-09-03,63869189,41246,44001,29
2019-09-02,63827943,45334,43972,37
2019-09-01,63782609,39143,43935,58
2019-08-31,63743466,51949,43877,26
2019-08-30,63691517,46408,43851,11
2019-08-29,63645109,45643,43840,18
2019-08-28,63599466,35658,43822,17
2019-08-27,63563808,44014,43805,12
2019-08-26,63519794,37586,43793,37
2019-08-25,63482208,44942,43756,13
2019-08-24,63437266,67426,43743,37
2019-08-23,63369840,25612,43706,37
2019-08-22,63344228,38476,43669,25
2019-08-21,63305752,36892,43644,31
2019-08-20,63268860,27468,43613,14
2019-08-19,63241392,29843,43599,20
2019-08-18,63211549,29553,43579,31
2019-08-17,63181996,41918,43548,25
2019-08-16,63140078,31740,43523,35
2019-08-15,63108338,44237,43488,15
2019-08-14,63064101,44582,43473,48
2019-08-13,63019519,35171,43425,13
2019-08-12,62984348,39542,43412,9
2019-08-11,62944806,37233,43403,13
2019-08-10,62907573,38117,43390,8
2019-08-09,62869456,41413,43382,11
2019-08-08,62828043,44438,43371,25
2019-08-07,62783605,50010,43346,15
2019-08-06,62733595,48754,43331,14
2019-08-05,62684841,58263,43317,4
2019-08-04,62626578,49376,43313,17
2019-08-03,62577202,52733,43296,9
2019-08-02,62524469,35492,43287,16
2019-08-01,62488977,38273,43271,20
2019-07-31,62450704,33210,43251,26
2019-07-30,62417494,20809,43225,24
2019-07-29,62396685,21237,43201,14
2019-07-28,62375448,30967,43187,24
2019-07-27,62344481,33762,43163,15
2019-07-26,62310719,32198,43148,16
2019-07-25,62278521,34678,43132,40
2019-07-24,62243843,38319,43092,20
2019-07-23,62205524,35801,43072,17
2019-07-22,62169723,30038,43055,15
2019-07-21,62139685,36483,43040,31
2019-07-20,62103202,45335,43009,19
2019-07-19,62057867,22691,42990,11
2019-07-18,62035176,37549,42979,15
2019-07-17,61997627,40535,42964,14
2019-07-16,61957092,37416,42950,16
2019-07-15,61919676,24760,42934,33
2019-07-14,61894916,15955,42901,31
2019-07-13,61878961,26327,42870,45
2019-07-12,61852634,5091,42825,41
2019-07-11,61847543,21948,42784,17
2019-07-10,61825595,25670,42767,24
2019-07-09,61799925,25354,42743,11
2019-07-08,61774571,29339,42732,16
2019-07-07,61745232,22269,42716,15
2019-07-06,61722963,24057,42701,7
2019-07-05,61698906,31528,42694,44
2019-07-04,61667378,31999,42650,14
2019-07-03,61635379,30529,42636,20
2019-07-02,61604850,25730,42616,12
2019-07-01,61579120,43332,42604,7
2019-06-30,61535788,40926,42597,7
2019-06-29,61494862,49351,42590,4
2019-06-28,61445511,39759,42586,7
2019-06-27,61405752,39915,42579,46
2019-06-26,61365837,27308,42533,14
2019-06-25,61338529,28501,42519,11
2019-06-24,61310028,36095,42508,5
2019-06-23,61273933,38967,42503,16
2019-06-22,61234966,47336,42487,10
2019-06-21,61187630,48657,42477,5
2019-06-20,61138973,23680,42472,11
2019-06-19,61115293,28093,42461,15
2019-06-18,61087200,22067,42446,11
2019-06-17,61065133,24286,42435,17
2019-06-16,61040847,17576,42418,44
2019-06-15,61023271,26449,42374,12
2019-06-14,60996822,6467,42362,19
2019-06-13,60990355,14043,42343,19
2019-06-12,60976312,18122,42324,18
2019-06-11,60958190,20069,42306,20
2019-06-10,60938121,19296,42286,21
2019-06-09,60918825,24074,42265,15
2019-06-08,60894751,20484,42250,16
2019-06-07,60874267,15831,42234,11
2019-06-06,60858436,23349,42223,12
2019-06-05,60835087,29151,42211,9
2019-06-04,60805936,45581,42202,17
2019-06-03,60760355,20910,42185,14
2019-06-02,60739445,18347,42171,24
2019-06-01,60721098,20557,42147,11
2019-05-31,60700541,22198,42136,18
2019-05-30,60678343,27181,42118,8
2019-05-29,60651162,23706,42110,10
2019-05-28,60627456,29678,42100,16
2019-05-27,60597778,39418,42084,8
2019-05-26,60558360,30427,42076,25
2019-05-25,60527933,31237,42051,9
2019-05-24,60496696,35625,42042,28
2019-05-23,60461071,23890,42014,34
2019-05-22,60437181,21816,41980,16
2019-05-21,60415365,39450,41964,17
2019-05-20,60375915,36640,41947,18
2019-05-19,60339275,25199,41929,17
2019-05-18,60314076,23434,41912,15
2019-05-17,60290642,23656,41897,8
2019-05-16,60266986,25420,41889,8
2019-05-15,60241566,31514,41881,17
2019-05-14,60210052,21027,41864,22
2019-05-13,60189025,11651,41842,30
2019-05-12,60177374,11497,41812,71
2019-05-11,60165877,33221,41741,23
2019-05-10,60132656,20013,41718,13
2019-05-09,60112643,28305,41705,30
2019-05-08,60084338,24059,41675,14
2019-05-07,60060279,43570,41661,9
2019-05-06,60016709,28813,41652,25
2019-05-05,59987896,11235,41627,28
2019-05-04,59976661,10287,41599,19
2019-05-03,59966374,11966,41580,12
2019-05-02,59954408,8551,41568,79
2019-05-01,59945857,21260,41489,8
2019-04-30,59924597,13253,41481,13
2019-04-29,59911344,15068,41468,1
2019-04-28,59896276,15157,41467,15
2019-04-27,59881119,21020,41452,11
2019-04-26,59860099,173,41441,22
2019-04-25,59859926,-2209,41419,15
2019-04-24,59862135,12355,41404,18
2019-04-23,59849780,17311,41386,43
2019-04-22,59832469,23913,41343,8
2019-04-21,59808556,12760,41335,20
2019-04-20,59795796,25577,41315,13
2019-04-19,59770219,12514,41302,20
2019-04-18,59757705,18495,41282,7
2019-04-17,59739210,24067,41275,11
2019-04-16,59715143,33123,41264,16
2019-04-15,59682020,17441,41248,10
2019-04-14,59664579,15484,41238,11
2019-04-13,59649095,23501,41227,17
2019-04-12,59625594,5621,41210,11
2019-04-11,59619973,15943,41199,8
2019-04-10,59604030,4440,41191,18
2019-04-09,59599590,14592,41173,14
2019-04-08,59584998,15683,41159,7
2019-04-07,59569315,15760,41152,19
2019-04-06,59553555,17351,41133,20
2019-04-05,59536204,19921,41113,11
2019-04-04,59516283,19107,41102,4
2019-04-03,59497176,16931,41098,11
2019-04-02,59480245,18564,41087,14
2019-04-01,59461681,23444,41073,2
2019-03-31,59438237,23289,41071,4
2019-03-30,59414948,20375,41067,10
2019-03-29,59394573,27002,41057,16
2019-03-28,59367571,13036,41041,8
2019-03-27,59354535,18816,41033,10
2019-03-26,59335719,25359,41023,17
2019-03-25,59310360,47231,41006,2
2019-03-24,59263129,20593,41004,0
2019-03-23,59242536,38860,41004,10
2019-03-22,59203676,22895,40994,7
2019-03-21,59180781,28541,40987,10
2019-03-20,59152240,26775,40977,13
2019-03-19,59125465,27769,40964,15
2019-03-18,59097696,24424,40949,30
2019-03-17,59073272,26260,40919,20
2019-03-16,59047012,35906,40899,10
2019-03-15,59011106,27904,40889,14
2019-03-14,58983202,26133,40875,19
2019-03-13,58957069,18600,40856,20
2019-03-12,58938469,14393,40836,4
2019-03-11,58924076,16173,40832,11
2019-03-10,58907903,16791,40821,17
2019-03-09,58891112,25007,40804,35
2019-03-08,58866105,11987,40769,2
2019-03-07,58854118,23359,40767,6
2019-03-06,58830759,20185,40761,18
2019-03-05,58810574,9811,40743,11
2019-03-04,58800763,21629,40732,15
2019-03-03,58779134,25850,40717,13
2019-03-02,58753284,25844,40704,10
2019-03-01,58727440,36368,40694,7
2019-02-28,58691072,45948,40687,11
2019-02-27,58645124,38835,40676,3
2019-02-26,58606289,30662,40673,20
2019-02-25,58575627,32766,40653,10
2019-02-24,58542861,44673,40643,14
2019-02-23,58498188,25115,40629,6
2019-02-22,58473073,25660,40623,7
2019-02-21,58447413,27835,40616,9
2019-02-20,58419578,28188,40607,8
2019-02-19,58391390,31647,40599,17
2019-02-18,58359743,33567,40582,13
2019-02-17,58326176,33546,40569,9
2019-02-16,58292630,37668,40560,3
2019-02-15,58254962,30684,40557,6
2019-02-14,58224278,27482,40551,8
2019-02-13,58196796,17660,40543,12
2019-02-12,58179136,28619,40531,9
2019-02-11,58150517,29502,40522,14
2019-02-10,58121015,29916,40508,14
2019-02-09,58091099,19071,40494,9
2019-02-08,58072028,13063,40485,9
2019-02-07,58058965,12411,40476,1
2019-02-06,58046554,25778,40475,6
2019-02-05,58020776,21392,40469,1
2019-02-04,57999384,29764,40468,2
2019-02-03,57969620,26710,40466,4
2019-02-02,57942910,25696,40462,8
2019-02-01,57917214,26813,40454,19
2019-01-31,57890401,37079,40435,11
2019-01-30,57853322,20481,40424,2
2019-01-29,57832841,26747,40422,6
2019-01-28,57806094,32823,40416,11
2019-01-27,57773271,35068,40405,12
2019-01-26,57738203,40653,40393,3
2019-01-25,57697550,39261,40390,10
2019-01-24,57658289,61026,40380,8
2019-01-23,57597263,31436,40372,12
2019-01-22,57565827,35157,40360,11
2019-01-21,57530670,37994,40349,41
2019-01-20,57492676,43463,40308,7
2019-01-19,57449213,39107,40301,28
2019-01-18,57410106,38709,40273,8
2019-01-17,57371397,40675,40265,2
2019-01-16,57330722,39947,40263,18
2019-01-15,57290775,16942,40245,18
2019-01-14,57273833,40285,40227,13
2019-01-13,57233548,37288,40214,14
2019-01-12,57196260,37115,40200,10
2019-01-11,57159145,31644,40190,12
2019-01-10,57127501,41732,40178,12
2019-01-09,57085769,43325,40166,6
2019-01-08,57042444,38966,40160,6
2019-01-07,57003478,45737,40154,7
2019-01-06,56957741,41005,40147,16
2019-01-05,56916736,39564,40131,6
2019-01-04,56877172,38362,40125,8
2019-01-03,56838810,45306,40117,1
2019-01-02,56793504,60086,40116,17
2019-01-01,56733418,22982,40099,15
2018-12-31,56710436,29506,40084,3
2018-12-30,56680930,32016,40081,9
2018-12-29,56648914,34839,40072,5
2018-12-28,56614075,31054,40067,10
2018-12-27,56583021,34090,40057,1
2018-12-26,56548931,38958,40056,2
2018-12-25,56509973,37409,40054,13
2018-12-24,56472564,31373,40041,13
2018-12-23,56441191,33874,40028,10
2018-12-22,56407317,29937,40018,20
2018-12-21,56377380,30544,39998,16
2018-12-20,56346836,29270,39982,10
2018-12-19,56317566,24868,39972,16
2018-12-18,56292698,23365,39956,5
2018-12-17,56269333,24385,39951,10
2018-12-16,56244948,26092,39941,5
2018-12-15,56218856,23243,39936,9
2018-12-14,56195613,20701,39927,10
2018-12-13,56174912,11600,39917,3
2018-12-12,56163312,-2669,39914,7
2018-12-11,56165981,14277,39907,4
2018-12-10,56151704,25935,39903,4
2018-12-09,56125769,29807,39899,12
2018-12-08,56095962,903,39887,18
2018-12-07,56095059,-7290,39869,7
2018-12-06,56102349,2810,39862,9
2018-12-05,56099539,19273,39853,11
2018-12-04,56080266,26447,39842,12
2018-12-03,56053819,25104,39830,2
2018-12-02,56028715,27535,39828,3
2018-12-01,56001180,16349,39825,12
2018-11-30,55984831,-5615,39813,17
2018-11-29,55990446,13185,39796,14
2018-11-28,55977261,24559,39782,9
2018-11-27,55952702,22802,39773,11
2018-11-26,55929900,23820,39762,11
2018-11-25,55906080,21165,39751,3
2018-11-24,55884915,19835,39748,4
2018-11-23,55865080,18735,39744,8
2018-11-22,55846345,20716,39736,13
2018-11-21,55825629,28055,39723,3
2018-11-20,55797574,26474,39720,8
2018-11-19,55771100,19612,39712,7
2018-11-18,55751488,17304,39705,7
2018-11-17,55734184,21018,39698,8
2018-11-16,55713166,24423,39690,9
2018-11-15,55688743,31265,39681,5
2018-11-14,55657478,39377,39676,11
2018-11-13,55618101,29755,39665,9
2018-11-12,55588346,32935,39656,7
2018-11-11,55555411,15611,39649,7
2018-11-10,55539800,-75483,39642,13
2018-11-09,55615283,18221,39629,3
2018-11-08,55597062,13517,39626,13
2018-11-07,55583545,503,39613,26
2018-11-06,55583042,16213,39587,21
2018-11-05,55566829,-39080,39566,31
2018-11-04,55605909,8315,39535,20
2018-11-03,55597594,44806,39515,12
2018-11-02,55552788,20070,39503,9
2018-11-01,55532718,20221,39494,19
2018-10-31,55512497,31297,39475,8
2018-10-30,55481200,64764,39467,16
2018-10-29,55416436,35770,39451,3
2018-10-28,55380666,21187,39448,17
2018-10-27,55359479,67956,39431,12
2018-10-26,55291523,7903,39419,17
2018-10-25,55283620,-2683,39402,8
2018-10-24,55286303,-9142,39394,8
2018-10-23,55295445,11953,39386,19
2018-10-22,55283492,19050,39367,5
2018-10-21,55264442,20604,39362,9
2018-10-20,55243838,25858,39353,10
2018-10-19,55217980,20071,39343,18
2018-10-18,55197909,14428,39325,20
2018-10-17,55183481,21542,39305,22
2018-10-16,55161939,23593,39283,9
2018-10-15,55138346,21534,39274,7
2018-10-14,55116812,10838,39267,11
2018-10-13,55105974,35859,39256,14
2018-10-12,55070115,42378,39242,6
2018-10-11,55027737,31560,39236,24
2018-10-10,54996177,22357,39212,21
2018-10-09,54973820,-3120,39191,9
2018-10-08,54976940,38259,39182,0
2018-10-07,54938681,28571,39182,7
2018-10-06,54910110,34239,39175,9
2018-10-05,54875871,32865,39166,12
2018-10-04,54843006,34579,39154,12
2018-10-03,54808427,20750,39142,14
2018-10-02,54787677,22840,39128,7
2018-10-01,54764837,23016,39121,3
2018-09-30,54741821,19669,39118,5
2018-09-29,54722152,23589,39113,1
2018-09-28,54698563,26089,39112,1
2018-09-27,54672474,21128,39111,12
2018-09-26,54651346,20751,39099,13
2018-09-25,54630595,17609,39086,12
2018-09-24,54612986,17292,39074,3
2018-09-23,54595694,16032,39071,3
2018-09-22,54579662,26029,39068,27
2018-09-21,54553633,7551,39041,17
2018-09-20,54546082,20700,39024,7
2018-09-19,54525382,19911,39017,14
2018-09-18,54505471,14206,39003,30
2018-09-17,54491265,20253,38973,7
2018-09-16,54471012,20790,38966,11
2018-09-15,54450222,24507,38955,31
2018-09-14,54425715,24651,38924,21
2018-09-13,54401064,26521,38903,9
2018-09-12,54374543,27193,38894,15
2018-09-11,54347350,21603,38879,22
2018-09-10,54325747,23811,38857,10
2018-09-09,54301936,25071,38847,10
2018-09-08,54276865,27854,38837,10
2018-09-07,54249011,19945,38827,9
2018-09-06,54229066,28954,38818,11
2018-09-05,54200112,15642,38807,16
2018-09-04,54184470,17870,38791,14
2018-09-03,54166600,17253,38777,3
2018-09-02,54149347,17904,38774,18
2018-09-01,54131443,11330,38756,8
2018-08-31,54120113,18928,38748,13
2018-08-30,54101185,18572,38735,20
2018-08-29,54082613,19649,38715,15
2018-08-28,54062964,23505,38700,10
2018-08-27,54039459,27351,38690,8
2018-08-26,54012108,26097,38682,9
2018-08-25,53986011,24208,38673,16
2018-08-24,53961803,34684,38657,9
2018-08-23,53927119,28725,38648,15
2018-08-22,53898394,20515,38633,11
2018-08-21,53877879,15299,38622,13
2018-08-20,53862580,19109,38609,6
2018-08-19,53843471,17847,38603,11
2018-08-18,53825624,24881,38592,14
2018-08-17,53800743,22194,38578,16
2018-08-16,53778549,17259,38562,20
2018-08-15,53761290,4825,38542,11
2018-08-14,53756465,17311,38531,19
2018-08-13,53739154,25729,38512,4
2018-08-12,53713425,27261,38508,8
2018-08-11,53686164,58470,38500,8
2018-08-10,53627694,22693,38492,6
2018-08-09,53605001,23326,38486,5
2018-08-08,53581675,26069,38481,9
2018-08-07,53555606,22164,38472,8
2018-08-06,53533442,24551,38464,10
2018-08-05,53508891,29798,38454,13
2018-08-04,53479093,19401,38441,25
2018-08-03,53459692,20783,38416,9
2018-08-02,53438909,21808,38407,15
2018-08-01,53417101,17546,38392,19
2018-07-31,53399555,19298,38373,16
2018-07-30,53380257,18269,38357,18
2018-07-29,53361988,18777,38339,1
2018-07-28,53343211,21398,38338,16
2018-07-27,53321813,30873,38322,10
2018-07-26,53290940,26536,38312,15
2018-07-25,53264404,11543,38297,16
2018-07-24,53252861,43995,38281,12
2018-07-23,53208866,24033,38269,8
2018-07-22,53184833,21232,38261,5
2018-07-21,53163601,18927,38256,14
2018-07-20,53144674,2444,38242,10
2018-07-19,53142230,-52675,38232,13
2018-07-18,53194905,7615,38219,7
2018-07-17,53187290,33815,38212,10
2018-07-16,53153475,26835,38202,15
2018-07-15,53126640,24501,38187,10
2018-07-14,53102139,39074,38177,4
2018-07-13,53063065,-329029,38173,10
2018-07-12,53392094,24159,38163,16
2018-07-11,53367935,23979,38147,16
2018-07-10,53343956,28976,38131,8
2018-07-09,53314980,29503,38123,5
2018-07-08,53285477,22056,38118,8
2018-07-07,53263421,24513,38110,1
2018-07-06,53238908,25476,38109,9
2018-07-05,53213432,23764,38100,4
2018-07-04,53189668,22413,38096,17
2018-07-03,53167255,33308,38079,3
2018-07-02,53133947,41911,38076,5
2018-07-01,53092036,24216,38071,14
2018-06-30,53067820,23554,38057,5
2018-06-29,53044266,-16709,38052,11
2018-06-28,53060975,-34939,38041,12
2018-06-27,53095914,27535,38029,18
2018-06-26,53068379,27108,38011,17
2018-06-25,53041271,27924,37994,7
2018-06-24,53013347,22963,37987,24
2018-06-23,52990384,19497,37963,16
2018-06-22,52970887,18493,37947,16
2018-06-21,52952394,33318,37931,16
2018-06-20,52919076,32526,37915,12
2018-06-19,52886550,29163,37903,8
2018-06-18,52857387,26060,37895,18
2018-06-17,52831327,23713,37877,5
2018-06-16,52807614,28800,37872,19
2018-06-15,52778814,34692,37853,7
2018-06-14,52744122,39908,37846,11
2018-06-13,52704214,52016,37835,14
2018-06-12,52652198,56517,37821,6
2018-06-11,52595681,43112,37815,7
2018-06-10,52552569,11698,37808,10
2018-06-09,52540871,16712,37798,6
2018-06-08,52524159,28560,37792,19
2018-06-07,52495599,22923,37773,9
2018-06-06,52472676,19362,37764,25
2018-06-05,52453314,25727,37739,13
2018-06-04,52427587,27281,37726,4
2018-06-03,52400306,28036,37722,15
2018-06-02,52372270,30061,37707,6
2018-06-01,52342209,22828,37701,12
2018-05-31,52319381,21712,37689,14
2018-05-30,52297669,24365,37675,7
2018-05-29,52273304,21973,37668,10
2018-05-28,52251331,27876,37658,5
2018-05-27,52223455,29357,37653,10
2018-05-26,52194098,22483,37643,17
2018-05-25,52171615,-14189,37626,8
2018-05-24,52185804,30967,37618,16
2018-05-23,52154837,20101,37602,5
2018-05-22,52134736,27365,37597,10
2018-05-21,52107371,47563,37587,8
2018-05-20,52059808,29696,37579,4
2018-05-19,52030112,31169,37575,11
2018-05-18,51998943,31511,37564,10
2018-05-17,51967432,38304,37554,10
2018-05-16,51929128,38422,37544,9
2018-05-15,51890706,38398,37535,6
2018-05-14,51852308,65778,37529,5
2018-05-13,51786530,41278,37524,3
2018-05-12,51745252,36463,37521,4
2018-05-11,51708789,45095,37517,5
2018-05-10,51663694,39861,37512,9
2018-05-09,51623833,46271,37503,7
2018-05-08,51577562,34280,37496,11
2018-05-07,51543282,41171,37485,0
2018-05-06,51502111,14794,37485,1
2018-05-05,51487317,30147,37484,13
2018-05-04,51457170,11354,37471,6
2018-05-03,51445816,30119,37465,9
2018-05-02,51415697,21835,37456,7
2018-05-01,51393862,46493,37449,7
2018-04-30,51347369,32903,37442,6
2018-04-29,51314466,32573,37436,7
2018-04-28,51281893,51951,37429,12
2018-04-27,51229942,27524,37417,1
2018-04-26,51202418,38397,37416,8
2018-04-25,51164021,41879,37408,8
2018-04-24,51122142,43664,37400,4
2018-04-23,51078478,35954,37396,8
2018-04-22,51042524,36715,37388,13
2018-04-21,51005809,36225,37375,9
2018-04-20,50969584,28908,37366,13
2018-04-19,50940676,41930,37353,14
2018-04-18,50898746,48726,37339,22
2018-04-17,50850020,64753,37317,8
2018-04-16,50785267,72578,37309,9
2018-04-15,50712689,106954,37300,3
2018-04-14,50605735,85911,37297,6
2018-04-13,50519824,101834,37291,9
2018-04-12,50417990,156693,37282,12
2018-04-11,50261297,57954,37270,5
2018-04-10,50203343,59671,37265,4
2018-04-09,50143672,63497,37261,7
2018-04-08,50080175,46569,37254,7
2018-04-07,50033606,58061,37247,7
2018-04-06,49975545,36308,37240,4
2018-04-05,49939237,50876,37236,6
2018-04-04,49888361,39819,37230,8
2018-04-03,49848542,41701,37222,14
2018-04-02,49806841,41046,37208,4
2018-04-01,49765795,38031,37204,3
2018-03-31,49727764,38542,37201,1
2018-03-30,49689222,40603,37200,5
2018-03-29,49648619,41991,37195,8
2018-03-28,49606628,41138,37187,1
2018-03-27,49565490,42059,37186,5
2018-03-26,49523431,43364,37181,8
2018-03-25,49480067,43361,37173,1
2018-03-24,49436706,45837,37172,6
2018-03-23,49390869,52151,37166,6
2018-03-22,49338718,39987,37160,8
2018-03-21,49298731,37511,37152,1
2018-03-20,49261220,42187,37151,4
2018-03-19,49219033,44099,37147,3
2018-03-18,49174934,42514,37144,4
2018-03-17,49132420,50483,37140,4
2018-03-16,49081937,33224,37136,6
2018-03-15,49048713,48873,37130,8
2018-03-14,48999840,56446,37122,8
2018-03-13,48943394,41627,37114,7
2018-03-12,48901767,39475,37107,5
2018-03-11,48862292,41955,37102,10
2018-03-10,48820337,51647,37092,5
2018-03-09,48768690,33290,37087,6
2018-03-08,48735400,50995,37081,5
2018-03-07,48684405,58647,37076,9
2018-03-06,48625758,52453,37067,5
2018-03-05,48573305,54882,37062,2
2018-03-04,48518423,45629,37060,4
2018-03-03,48472794,29871,37056,6
2018-03-02,48442923,30053,37050,11
2018-03-01,48412870,36659,37039,8
2018-02-28,48376211,40278,37031,9
2018-02-27,48335933,45804,37022,0
2018-02-26,48290129,45058,37022,1
2018-02-25,48245071,43590,37021,15
2018-02-24,48201481,54097,37006,9
2018-02-23,48147384,38842,36997,10
2018-02-22,48108542,45376,36987,5
2018-02-21,48063166,28799,36982,13
2018-02-20,48034367,50879,36969,0
2018-02-19,47983488,46030,36969,11
2018-02-18,47937458,20716,36958,9
2018-02-17,47916742,46852,36949,4
2018-02-16,47869890,8582,36945,7
2018-02-15,47861308,30746,36938,4
2018-02-14,47830562,29071,36934,2
2018-02-13,47801491,27588,36932,3
2018-02-12,47773903,58885,36929,4
2018-02-11,47715018,73449,36925,9
2018-02-10,47641569,37672,36916,3
2018-02-09,47603897,34687,36913,6
2018-02-08,47569210,50901,36907,5
2018-02-07,47518309,52779,36902,7
2018-02-06,47465530,48569,36895,5
2018-02-05,47416961,50176,36890,2
2018-02-04,47366785,61521,36888,7
2018-02-03,47305264,32887,36881,5
2018-02-02,47272377,-486,36876,4
2018-02-01,47272863,32690,36872,0
2018-01-31,47240173,-9847,36872,1
2018-01-30,47250020,19553,36871,1
2018-01-29,47230467,38956,36870,2
2018-01-28,47191511,32212,36868,5
2018-01-27,47159299,33700,36863,7
2018-01-26,47125599,47294,36856,3
2018-01-25,47078305,32197,36853,4
2018-01-24,47046108,30364,36849,6
2018-01-23,47015744,29700,36843,4
2018-01-22,46986044,40530,36839,3
2018-01-21,46945514,43977,36836,14
2018-01-20,46901537,34111,36822,7
2018-01-19,46867426,75513,36815,9
2018-01-18,46791913,38363,36806,8
2018-01-17,46753550,40123,36798,9
2018-01-16,46713427,42375,36789,12
2018-01-15,46671052,43494,36777,7
2018-01-14,46627558,46095,36770,9
2018-01-13,46581463,46709,36761,7
2018-01-12,46534754,96037,36754,14
2018-01-11,46438717,57063,36740,8
2018-01-10,46381654,62461,36732,8
2018-01-09,46319193,70474,36724,5
2018-01-08,46248719,81024,36719,7
2018-01-07,46167695,102696,36712,5
2018-01-06,46064999,78854,36707,5
2018-01-05,45986145,150712,36702,9
2018-01-04,45835433,141258,36693,5
2018-01-03,45694175,103086,36688,15
2018-01-02,45591089,74094,36673,3
2018-01-01,45516995,44840,36670,8
2017-12-31,45472155,52673,36662,6
2017-12-30,45419482,56023,36656,8
2017-12-29,45363459,108538,36648,10
2017-12-28,45254921,76181,36638,3
2017-12-27,45178740,38671,36635,3
2017-12-26,45140069,45127,36632,3
2017-12-25,45094942,37712,36629,6
2017-12-24,45057230,37864,36623,6
2017-12-23,45019366,30053,36617,11
2017-12-22,44989313,78625,36606,-29
2017-12-21,44910688,49287,36635,5
2017-12-20,44861401,32616,36630,5
2017-12-19,44828785,29619,36625,13
2017-12-18,44799166,28430,36612,3
2017-12-17,44770736,25561,36609,3
2017-12-16,44745175,27912,36606,9
2017-12-15,44717263,114130,36597,7
2017-12-14,44603133,92786,36590,4
2017-12-13,44510347,64282,36586,6
2017-12-12,44446065,60106,36580,1
2017-12-11,44385959,38140,36579,3
2017-12-10,44347819,45656,36576,11
2017-12-09,44302163,55503,36565,9
2017-12-08,44246660,43371,36556,10
2017-12-07,44203289,80099,36546,5
2017-12-06,44123190,60416,36541,2
2017-12-05,44062774,57961,36539,4
2017-12-04,44004813,60879,36535,10
2017-12-03,43943934,161969,36525,8
2017-12-02,43781965,71725,36517,6
2017-12-01,43710240,78768,36511,11
2017-11-30,43631472,86473,36500,20
2017-11-29,43544999,59566,36480,18
2017-11-28,43485433,55936,36462,5
2017-11-27,43429497,57494,36457,4
2017-11-26,43372003,58668,36453,5
2017-11-25,43313335,54935,36448,6
2017-11-24,43258400,54241,36442,11
2017-11-23,43204159,59793,36431,11
2017-11-22,43144366,62975,36420,2
2017-11-21,43081391,63926,36418,2
2017-11-20,43017465,67810,36416,6
2017-11-19,42949655,60328,36410,3
2017-11-18,42889327,59799,36407,5
2017-11-17,42829528,75526,36402,8
2017-11-16,42754002,72363,36394,14
2017-11-15,42681639,54698,36380,6
2017-11-14,42626941,62711,36374,8
2017-11-13,42564230,97633,36366,3
2017-11-12,42466597,59058,36363,8
2017-11-11,42407539,49086,36355,6
2017-11-10,42358453,71853,36349,6
2017-11-09,42286600,128068,36343,3
2017-11-08,42158532,79337,36340,17
2017-11-07,42079195,67775,36323,7
2017-11-06,42011420,89260,36316,5
2017-11-05,41922160,99741,36311,6
2017-11-04,41822419,105397,36305,16
2017-11-03,41717022,55942,36289,13
2017-11-02,41661080,104971,36276,19
2017-11-01,41556109,66086,36257,17
2017-10-31,41490023,54940,36240,4
2017-10-30,41435083,63536,36236,6
2017-10-29,41371547,52238,36230,9
2017-10-28,41319309,44314,36221,15
2017-10-27,41274995,49898,36206,9
2017-10-26,41225097,99430,36197,16
2017-10-25,41125667,88619,36181,8
2017-10-24,41037048,63245,36173,4
2017-10-23,40973803,57127,36169,3
2017-10-22,40916676,51381,36166,14
2017-10-21,40865295,52320,36152,7
2017-10-20,40812975,47858,36145,10
2017-10-19,40765117,43427,36135,16
2017-10-18,40721690,45158,36119,11
2017-10-17,40676532,43845,36108,7
2017-10-16,40632687,53036,36101,4
2017-10-15,40579651,51765,36097,9
2017-10-14,40527886,57519,36088,16
2017-10-13,40470367,62729,36072,10
2017-10-12,40407638,78005,36062,14
2017-10-11,40329633,59778,36048,10
2017-10-10,40269855,57847,36038,5
2017-10-09,40212008,64447,36033,11
2017-10-08,40147561,57289,36022,12
2017-10-07,40090272,56077,36010,0
2017-10-06,40034195,53379,36010,12
2017-10-05,39980816,29430,35998,7
2017-10-04,39951386,66918,35991,11
2017-10-03,39884468,117665,35980,1
2017-10-02,39766803,92050,35979,8
2017-10-01,39674753,55342,35971,25
2017-09-30,39619411,68744,35946,16
2017-09-29,39550667,96096,35930,10
2017-09-28,39454571,91138,35920,9
2017-09-27,39363433,102518,35911,15
2017-09-26,39260915,111199,35896,14
2017-09-25,39149716,121513,35882,10
2017-09-24,39028203,90314,35872,14
2017-09-23,38937889,84139,35858,11
2017-09-22,38853750,98019,35847,6
2017-09-21,38755731,77616,35841,23
2017-09-20,38678115,83365,35818,11
2017-09-19,38594750,65678,35807,8
2017-09-18,38529072,77054,35799,14
2017-09-17,38452018,66162,35785,3
2017-09-16,38385856,73180,35782,13
2017-09-15,38312676,92771,35769,11
2017-09-14,38219905,63832,35758,6
2017-09-13,38156073,69485,35752,5
2017-09-12,38086588,66365,35747,2
2017-09-11,38020223,71927,35745,9
2017-09-10,37948296,71549,35736,4
2017-09-09,37876747,73297,35732,7
2017-09-08,37803450,95173,35725,11
2017-09-07,37708277,82879,35714,10
2017-09-06,37625398,91880,35704,6
2017-09-05,37533518,82413,35698,2
2017-09-04,37451105,98584,35696,5
2017-09-03,37352521,70638,35691,10
2017-09-02,37281883,62899,35681,8
2017-09-01,37218984,96975,35673,2
2017-08-31,37122009,83872,35671,8
2017-08-30,37038137,81057,35663,6
2017-08-29,36957080,80100,35657,4
2017-08-28,36876980,70575,35653,11
2017-08-27,36806405,70547,35642,8
2017-08-26,36735858,66212,35634,14
2017-08-25,36669646,83869,35620,11
2017-08-24,36585777,66709,35609,6
2017-08-23,36519068,69785,35603,6
2017-08-22,36449283,70220,35597,6
2017-08-21,36379063,71536,35591,2
2017-08-20,36307527,73567,35589,7
2017-08-19,36233960,85414,35582,10
2017-08-18,36148546,111802,35572,10
2017-08-17,36036744,91881,35562,16
2017-08-16,35944863,82892,35546,5
2017-08-15,35861971,73461,35541,12
2017-08-14,35788510,86627,35529,4
2017-08-13,35701883,95002,35525,8
2017-08-12,35606881,98070,35517,9
2017-08-11,35508811,74727,35508,6
2017-08-10,35434084,67428,35502,13
2017-08-09,35366656,56907,35489,9
2017-08-08,35309749,42211,35480,13
2017-08-07,35267538,44705,35467,4
2017-08-06,35222833,42250,35463,9
2017-08-05,35180583,45087,35454,13
2017-08-04,35135496,57201,35441,10
2017-08-03,35078295,54616,35431,5
2017-08-02,35023679,64440,35426,3
2017-08-01,34959239,59855,35423,4
2017-07-31,34899384,59244,35419,1
2017-07-30,34840140,52849,35418,13
2017-07-29,34787291,77733,35405,9
2017-07-28,34709558,75027,35396,10
2017-07-27,34634531,105606,35386,10
2017-07-26,34528925,71260,35376,17
2017-07-25,34457665,63109,35359,11
2017-07-24,34394556,68424,35348,5
2017-07-23,34326132,64937,35343,14
2017-07-22,34261195,66121,35329,6
2017-07-21,34195074,60200,35323,3
2017-07-20,34134874,71192,35320,3
2017-07-19,34063682,69154,35317,7
2017-07-18,33994528,68298,35310,2
2017-07-17,33926230,62169,35308,9
2017-07-16,33864061,60524,35299,7
2017-07-15,33803537,64711,35292,13
2017-07-14,33738826,12612,35279,4
2017-07-13,33726214,8425,35275,13
2017-07-12,33717789,62725,35262,8
2017-07-11,33655064,60877,35254,10
2017-07-10,33594187,62622,35244,11
2017-07-09,33531565,63260,35233,5
2017-07-08,33468305,69725,35228,7
2017-07-07,33398580,23433,35221,4
2017-07-06,33375147,67806,35217,4
2017-07-05,33307341,77297,35213,4
2017-07-04,33230044,78066,35209,12
2017-07-03,33151978,86483,35197,4
2017-07-02,33065495,51841,35193,12
2017-07-01,33013654,58242,35181,6
2017-06-30,32955412,76732,35175,13
2017-06-29,32878680,-29336,35162,10
2017-06-28,32908016,44654,35152,11
2017-06-27,32863362,47217,35141,12
2017-06-26,32816145,45298,35129,1
2017-06-25,32770847,43242,35128,5
2017-06-24,32727605,43919,35123,5
2017-06-23,32683686,9342,35118,15
2017-06-22,32674344,44409,35103,3
2017-06-21,32629935,45008,35100,11
2017-06-20,32584927,46135,35089,11
2017-06-19,32538792,48777,35078,7
2017-06-18,32490015,46999,35071,1
2017-06-17,32443016,126035,35070,9
2017-06-16,32316981,124922,35061,6
2017-06-15,32192059,47344,35055,3
2017-06-14,32144715,35611,35052,11
2017-06-13,32109104,33706,35041,5
2017-06-12,32075398,34540,35036,8
2017-06-11,32040858,32315,35028,1
2017-06-10,32008543,44105,35027,7
2017-06-09,31964438,82452,35020,0
2017-06-08,31881986,102386,35020,2
2017-06-07,31779600,125109,35018,12
2017-06-06,31654491,122377,35006,9
2017-06-05,31532114,140517,34997,3
2017-06-04,31391597,112357,34994,4
2017-06-03,31279240,97444,34990,9
2017-06-02,31181796,116001,34981,4
2017-06-01,31065795,106737,34977,9
2017-05-31,30959058,45809,34968,6
2017-05-30,30913249,81892,34962,4
2017-05-29,30831357,77012,34958,10
2017-05-28,30754345,75974,34948,7
2017-05-27,30678371,82170,34941,4
2017-05-26,30596201,167004,34937,4
2017-05-25,30429197,98209,34933,2
2017-05-24,30330988,116264,34931,4
2017-05-23,30214724,111917,34927,2
2017-05-22,30102807,104420,34925,3
2017-05-21,29998387,100704,34922,2
2017-05-20,29897683,74883,34920,2
2017-05-19,29822800,121294,34918,4
2017-05-18,29701506,103801,34914,1
2017-05-17,29597705,114724,34913,4
2017-05-16,29482981,88064,34909,2
2017-05-15,29394917,89031,34907,1
2017-05-14,29305886,95746,34906,2
2017-05-13,29210140,104829,34904,10
2017-05-12,29105311,87111,34894,5
2017-05-11,29018200,83050,34889,11
2017-05-10,28935150,79029,34878,3
2017-05-09,28856121,42407,34875,9
2017-05-08,28813714,40523,34866,6
2017-05-07,28773191,37375,34860,1
2017-05-06,28735816,47550,34859,9
2017-05-05,28688266,32636,34850,10
2017-05-04,28655630,41626,34840,2
2017-05-03,28614004,39644,34838,5
2017-05-02,28574360,37123,34833,3
2017-05-01,28537237,37460,34830,5
2017-04-30,28499777,42951,34825,3
2017-04-29,28456826,38844,34822,6
2017-04-28,28417982,43612,34816,12
2017-04-27,28374370,29664,34804,9
2017-04-26,28344706,38929,34795,4
2017-04-25,28305777,34942,34791,7
2017-04-24,28270835,37616,34784,7
2017-04-23,28233219,35112,34777,6
2017-04-22,28198107,48996,34771,8
2017-04-21,28149111,25438,34763,3
2017-04-20,28123673,36985,34760,4
2017-04-19,28086688,37400,34756,7
2017-04-18,28049288,41906,34749,8
2017-04-17,28007382,54035,34741,6
2017-04-16,27953347,48542,34735,0
2017-04-15,27904805,55511,34735,2
2017-04-14,27849294,62171,34733,4
2017-04-13,27787123,52846,34729,5
2017-04-12,27734277,67824,34724,6
2017-04-11,27666453,39250,34718,2
2017-04-10,27627203,41399,34716,3
2017-04-09,27585804,42679,34713,4
2017-04-08,27543125,56169,34709,1
2017-04-07,27486956,59537,34708,1
2017-04-06,27427419,41130,34707,2
2017-04-05,27386289,34969,34705,4
2017-04-04,27351320,38185,34701,6
2017-04-03,27313135,35510,34695,4
2017-04-02,27277625,35901,34691,8
2017-04-01,27241724,36523,34683,7
2017-03-31,27205201,21400,34676,8
2017-03-30,27183801,37898,34668,5
2017-03-29,27145903,37495,34663,6
2017-03-28,27108408,37360,34657,4
2017-03-27,27071048,42504,34653,2
2017-03-26,27028544,39381,34651,4
2017-03-25,26989163,54548,34647,3
2017-03-24,26934615,30275,34644,4
2017-03-23,26904340,50377,34640,4
2017-03-22,26853963,48510,34636,3
2017-03-21,26805453,268927,34633,25
2017-03-16,26536526,40220,34608,9
2017-03-15,26496306,45186,34599,2
2017-03-14,26451120,40814,34597,5
2017-03-13,26410306,43599,34592,0
2017-03-12,26366707,48374,34592,1
2017-03-11,26318333,45400,34591,3
2017-03-10,26272933,67964,34588,4
2017-03-09,26204969,36037,34584,5
2017-03-08,26168932,53058,34579,6
2017-03-07,26115874,57448,34573,5
2017-03-06,26058426,69720,34568,3
2017-03-05,25988706,84112,34565,7
2017-03-04,25904594,40340,34558,7
2017-03-03,25864254,50048,34551,2
2017-03-02,25814206,37548,34549,1
2017-03-01,25776658,52365,34548,2
2017-02-28,25724293,66141,34546,3
2017-02-27,25658152,98597,34543,4
2017-02-26,25559555,52685,34539,6
2017-02-25,25506870,44890,34533,5
2017-02-24,25461980,64895,34528,3
2017-02-23,25397085,26524,34525,2
2017-02-22,25370561,54835,34523,2
2017-02-21,25315726,71323,34521,4
2017-02-20,25244403,69655,34517,0
2017-02-19,25174748,67741,34517,3
2017-02-18,25107007,69339,34514,8
2017-02-17,25037668,96612,34506,5
2017-02-16,24941056,81072,34501,11
2017-02-15,24859984,62423,34490,4
2017-02-14,24797561,64789,34486,5
2017-02-13,24732772,100260,34481,7
2017-02-12,24632512,96638,34474,10
2017-02-11,24535874,111190,34464,-4
2017-02-10,24424684,137929,34468,7
2017-02-09,24286755,113278,34461,11
2017-02-08,24173477,99706,34450,3
2017-02-07,24073771,130100,34447,6
2017-02-06,23943671,181172,34441,4
2017-02-05,23762499,180366,34437,10
2017-02-04,23582133,181113,34427,8
2017-02-03,23401020,146708,34419,6
2017-02-02,23254312,116807,34413,3
2017-02-01,23137505,134200,34410,5
2017-01-31,23003305,176310,34405,8
2017-01-30,22826995,177595,34397,7
2017-01-29,22649400,135462,34390,4
2017-01-28,22513938,150582,34386,7
2017-01-27,22363356,234216,34379,6
2017-01-26,22129140,240517,34373,8
2017-01-25,21888623,164835,34365,8
2017-01-24,21723788,168765,34357,1
2017-01-23,21555023,295236,34356,4
2017-01-22,21259787,314939,34352,2
2017-01-21,20944848,471344,34350,12
2017-01-20,20473504,145198,34338,8
2017-01-19,20328306,117103,34330,10
2017-01-18,20211203,112059,34320,10
2017-01-17,20099144,114926,34310,4
2017-01-16,19984218,100884,34306,8
2017-01-15,19883334,93490,34298,5
2017-01-14,19789844,88050,34293,8
2017-01-13,19701794,111427,34285,4
2017-01-12,19590367,161563,34281,6
2017-01-11,19428804,131027,34275,6
2017-01-10,19297777,169774,34269,8
2017-01-09,19128003,100826,34261,6
2017-01-08,19027177,103358,34255,7
2017-01-07,18923819,142267,34248,11
2017-01-06,18781552,107659,34237,8
2017-01-05,18673893,100844,34229,9
2017-01-04,18573049,110246,34220,11
2017-01-03,18462803,75021,34209,7
2017-01-02,18387782,72113,34202,2
2017-01-01,18315669,93810,34200,7
2016-12-31,18221859,67826,34193,3
2016-12-30,18154033,57762,34190,1
2016-12-29,18096271,67283,34189,4
2016-12-28,18028988,60283,34185,0
2016-12-27,17968705,51418,34185,5
2016-12-26,17917287,49034,34180,1
2016-12-25,17868253,54141,34179,4
2016-12-24,17814112,79940,34175,6
2016-12-23,17734172,56561,34169,5
2016-12-22,17677611,44936,34164,4
2016-12-21,17632675,56398,34160,3
2016-12-20,17576277,63613,34157,5
2016-12-19,17512664,70165,34152,1
2016-12-18,17442499,58434,34151,7
2016-12-17,17384065,39061,34144,4
2016-12-16,17345004,38210,34140,6
2016-12-15,17306794,48672,34134,1
2016-12-14,17258122,41858,34133,6
2016-12-13,17216264,53855,34127,9
2016-12-12,17162409,44953,34118,6
2016-12-11,17117456,46548,34112,8
2016-12-10,17070908,45434,34104,2
2016-12-09,17025474,62802,34102,4
2016-12-08,16962672,80716,34098,5
2016-12-07,16881956,94882,34093,6
2016-12-06,16787074,100632,34087,3
2016-12-05,16686442,100677,34084,8
2016-12-04,16585765,62416,34076,4
2016-12-03,16523349,52466,34072,3
2016-12-02,16470883,49774,34069,4
2016-12-01,16421109,75777,34065,8
2016-11-30,16345332,107302,34057,11
2016-11-29,16238030,70122,34046,7
2016-11-28,16167908,74864,34039,11
2016-11-27,16093044,98440,34028,3
2016-11-26,15994604,53004,34025,0
2016-11-25,15941600,63832,34025,1
2016-11-24,15877768,59754,34024,2
2016-11-23,15818014,115602,34022,9
2016-11-22,15702412,74654,34013,3
2016-11-21,15627758,98384,34010,4
2016-11-20,15529374,91395,34006,2
2016-11-19,15437979,57334,34004,5
2016-11-18,15380645,68275,33999,3
2016-11-17,15312370,113547,33996,4
2016-11-16,15198823,101305,33992,3
2016-11-15,15097518,115721,33989,0
2016-11-14,14981797,185335,33989,8
2016-11-13,14796462,137945,33981,1
2016-11-12,14658517,295199,33980,3
2016-11-11,14363318,268224,33977,3
2016-11-10,14095094,801107,33974,0
2016-11-09,13293987,275155,33974,12
2016-11-08,13018832,40876,33962,17
2016-11-07,12977956,24553,33945,10
2016-11-06,12953403,25392,33935,11
2016-11-05,12928011,20629,33924,13
2016-11-04,12907382,21813,33911,9
2016-11-03,12885569,23418,33902,14
2016-11-02,12862151,20985,33888,16
2016-11-01,12841166,18022,33872,6
2016-10-31,12823144,20858,33866,9
2016-10-30,12802286,18579,33857,8
2016-10-29,12783707,21123,33849,12
2016-10-28,12762584,18053,33837,20
2016-10-27,12744531,19960,33817,5
2016-10-26,12724571,18927,33812,17
2016-10-25,12705644,19003,33795,18
2016-10-24,12686641,19045,33777,10
2016-10-23,12667596,20004,33767,16
2016-10-22,12647592,19080,33751,16
2016-10-21,12628512,31689,33735,15
2016-10-20,12596823,37173,33720,87
2016-10-19,12559650,20029,33633,10
2016-10-18,12539621,26724,33623,26
2016-10-17,12512897,30825,33597,16
2016-10-16,12482072,21539,33581,14
2016-10-15,12460533,18992,33567,5
2016-10-14,12441541,28818,33562,12
2016-10-13,12412723,34229,33550,6
2016-10-12,12378494,59015,33544,18
2016-10-11,12319479,48613,33526,7
2016-10-10,12270866,74865,33519,68
2016-10-09,12196001,37652,33451,5
2016-10-08,12158349,20586,33446,0
2016-10-07,12137763,16014,33446,10
2016-10-06,12121749,19561,33436,16
2016-10-05,12102188,69690,33420,56
2016-10-04,12032498,21315,33364,5
2016-10-03,12011183,28226,33359,6
2016-10-02,11982957,27946,33353,5
2016-10-01,11955011,46582,33348,12
2016-09-30,11908429,20710,33336,5
2016-09-29,11887719,24071,33331,11
2016-09-28,11863648,55099,33320,23
2016-09-27,11808549,79208,33297,34
2016-09-26,11729341,17916,33263,6
2016-09-25,11711425,16525,33257,6
2016-09-24,11694900,15962,33251,6
2016-09-23,11678938,16591,33245,4
2016-09-22,11662347,17013,33241,9
2016-09-21,11645334,21141,33232,8
2016-09-20,11624193,19573,33224,7
2016-09-19,11604620,20927,33217,7
2016-09-18,11583693,21006,33210,4
2016-09-17,11562687,20161,33206,7
2016-09-16,11542526,19881,33199,12
2016-09-15,11522645,18218,33187,11
2016-09-14,11504427,25429,33176,13
2016-09-13,11478998,20296,33163,6
2016-09-12,11458702,23390,33157,1
2016-09-11,11435312,19792,33156,10
2016-09-10,11415520,19279,33146,9
2016-09-09,11396241,14759,33137,15
2016-09-08,11381482,20498,33122,5
2016-09-07,11360984,16742,33117,13
2016-09-06,11344242,20827,33104,6
2016-09-05,11323415,20978,33098,14
2016-09-04,11302437,15189,33084,5
2016-09-03,11287248,22447,33079,4
2016-09-02,11264801,26988,33075,5
2016-09-01,11237813,18073,33070,10
2016-08-31,11219740,17589,33060,8
2016-08-30,11202151,17637,33052,13
2016-08-29,11184514,17572,33039,6
2016-08-28,11166942,16997,33033,10
2016-08-27,11149945,14575,33023,15
2016-08-26,11135370,16396,33008,12
2016-08-25,11118974,16295,32996,10
2016-08-24,11102679,20072,32986,8
2016-08-23,11082607,20007,32978,8
2016-08-22,11062600,17952,32970,7
2016-08-21,11044648,19174,32963,8
2016-08-20,11025474,19580,32955,10
2016-08-19,11005894,22257,32945,4
2016-08-18,10983637,19125,32941,8
2016-08-17,10964512,22202,32933,6
2016-08-16,10942310,23564,32927,3
2016-08-15,10918746,24343,32924,10
2016-08-14,10894403,22188,32914,7
2016-08-13,10872215,24925,32907,8
2016-08-12,10847290,27095,32899,5
2016-08-11,10820195,27383,32894,11
2016-08-10,10792812,28714,32883,13
2016-08-09,10764098,26902,32870,13
2016-08-08,10737196,26751,32857,5
2016-08-07,10710445,24417,32852,8
2016-08-06,10686028,27228,32844,10
2016-08-05,10658800,28323,32834,8
2016-08-04,10630477,34072,32826,7
2016-08-03,10596405,38513,32819,11
2016-08-02,10557892,39958,32808,25
2016-08-01,10517934,36209,32783,5
2016-07-31,10481725,34490,32778,22
2016-07-30,10447235,54279,32756,26
2016-07-29,10392956,64211,32730,19
2016-07-28,10328745,69907,32711,19
2016-07-27,10258838,60405,32692,17
2016-07-26,10198433,78957,32675,22
2016-07-25,10119476,38085,32653,17
2016-07-24,10081391,35168,32636,14
2016-07-23,10046223,44770,32622,6
2016-07-22,10001453,59505,32616,9
2016-07-21,9941948,49167,32607,19
2016-07-20,9892781,49337,32588,5
2016-07-19,9843444,21350,32583,8
2016-07-18,9822094,26947,32575,12
2016-07-17,9795147,21876,32563,11
2016-07-16,9773271,39133,32552,4
2016-07-15,9734138,29600,32548,6
2016-07-14,9704538,19842,32542,14
2016-07-13,9684696,21835,32528,14
2016-07-12,9662861,16487,32514,6
2016-07-11,9646374,16172,32508,4
2016-07-10,9630202,17119,32504,2
2016-07-09,9613083,27960,32502,5
2016-07-08,9585123,24580,32497,6
2016-07-07,9560543,7112,32491,1
2016-07-06,9553431,114836,32490,54
2016-07-02,9438595,16790,32436,11
2016-07-01,9421805,6073,32425,2
2016-06-30,9415732,32116,32423,18
2016-06-29,9383616,26583,32405,13
2016-06-28,9357033,20697,32392,2
2016-06-27,9336336,19607,32390,15
2016-06-26,9316729,22938,32375,8
2016-06-25,9293791,32626,32367,13
2016-06-24,9261165,19467,32354,15
2016-06-23,9241698,21434,32339,6
2016-06-22,9220264,24924,32333,12
2016-06-21,9195340,18187,32321,0
2016-06-20,9177153,18809,32321,2
2016-06-19,9158344,18113,32319,9
2016-06-18,9140231,19699,32310,11
2016-06-17,9120532,21851,32299,7
2016-06-16,9098681,27853,32292,6
2016-06-15,9070828,0,32286,0
2016-06-15,9070828,0,32286,0
2016-06-15,9070828,37903,32286,6
2016-06-14,9032925,50054,32280,13
2016-06-13,8982871,93082,32267,8
2016-06-12,8889789,26057,32259,10
2016-06-11,8863732,51918,32249,13
2016-06-10,8811814,66604,32236,8
2016-06-09,8745210,17030,32228,19
2016-06-08,8728180,19708,32209,8
2016-06-07,8708472,17633,32201,11
2016-06-06,8690839,19029,32190,3
2016-06-05,8671810,22553,32187,8
2016-06-04,8649257,24485,32179,15
2016-06-03,8624772,27572,32164,22
2016-06-02,8597200,24700,32142,5
2016-06-01,8572500,24050,32137,8
2016-05-31,8548450,24625,32129,14
2016-05-30,8523825,24842,32115,6
2016-05-29,8498983,25858,32109,8
2016-05-28,8473125,29281,32101,6
2016-05-27,8443844,24396,32095,8
2016-05-26,8419448,19225,32087,16
2016-05-25,8400223,18751,32071,9
2016-05-24,8381472,18453,32062,8
2016-05-23,8363019,19334,32054,9
2016-05-22,8343685,18943,32045,9
2016-05-21,8324742,18819,32036,17
2016-05-20,8305923,23131,32019,3
2016-05-19,8282792,21123,32016,7
2016-05-18,8261669,24775,32009,47
2016-05-17,8236894,17371,31962,16
2016-05-16,8219523,16257,31946,14
2016-05-15,8203266,17603,31932,3
2016-05-14,8185663,17713,31929,3
2016-05-13,8167950,48691,31926,3
2016-05-12,8119259,33777,31923,14
2016-05-11,8085482,23237,31909,17
2016-05-10,8062245,17883,31892,20
2016-05-09,8044362,17456,31872,7
2016-05-08,8026906,19608,31865,5
2016-05-07,8007298,29359,31860,17
2016-05-06,7977939,42536,31843,7
2016-05-05,7935403,26824,31836,6
2016-05-04,7908579,25907,31830,11
2016-05-03,7882672,15145,31819,14
2016-05-02,7867527,15194,31805,8
2016-05-01,7852333,14769,31797,5
2016-04-30,7837564,14922,31792,6
2016-04-29,7822642,16633,31786,14
2016-04-28,7806009,19363,31772,15
2016-04-27,7786646,19441,31757,17
2016-04-26,7767205,18390,31740,10
2016-04-25,7748815,14036,31730,7
2016-04-24,7734779,12714,31723,11
2016-04-23,7722065,14340,31712,6
2016-04-22,7707725,15744,31706,3
2016-04-21,7691981,15988,31703,7
2016-04-20,7675993,16015,31696,20
2016-04-19,7659978,13594,31676,7
2016-04-18,7646384,16407,31669,7
2016-04-17,7629977,13058,31662,13
2016-04-16,7616919,13390,31649,6
2016-04-15,7603529,14938,31643,2
2016-04-14,7588591,15893,31641,8
2016-04-13,7572698,16419,31633,5
2016-04-12,7556279,15043,31628,13
2016-04-11,7541236,15182,31615,7
2016-04-10,7526054,14951,31608,14
2016-04-09,7511103,14526,31594,17
2016-04-08,7496577,16641,31577,6
2016-04-07,7479936,17115,31571,4
2016-04-06,7462821,18449,31567,7
2016-04-05,7444372,16718,31560,11
2016-04-04,7427654,16841,31549,14
2016-04-03,7410813,15873,31535,8
2016-04-02,7394940,16991,31527,10
2016-04-01,7377949,19707,31517,8
2016-03-31,7358242,22943,31509,7
2016-03-30,7335299,26090,31502,14
2016-03-29,7309209,23737,31488,11
2016-03-28,7285472,25336,31477,10
2016-03-27,7260136,22980,31467,9
2016-03-26,7237156,33528,31458,5
2016-03-25,7203628,35317,31453,21
2016-03-24,7168311,30821,31432,14
2016-03-23,7137490,44629,31418,16
2016-03-22,7092861,27116,31402,0
2016-03-21,7065745,26625,31402,10
2016-03-20,7039120,24957,31392,21
2016-03-19,7014163,23601,31371,26
2016-03-18,6990562,20962,31345,14
2016-03-17,6969600,25633,31331,17
2016-03-16,6943967,32754,31314,30
2016-03-15,6911213,25141,31284,13
2016-03-14,6886072,31139,31271,11
2016-03-13,6854933,34030,31260,18
2016-03-12,6820903,23831,31242,13
2016-03-11,6797072,19313,31229,3
2016-03-10,6777759,20906,31226,6
2016-03-09,6756853,21612,31220,22
2016-03-08,6735241,19870,31198,18
2016-03-07,6715371,22176,31180,14
2016-03-06,6693195,22292,31166,21
2016-03-05,6670903,28841,31145,11
2016-03-04,6642062,59363,31134,17
2016-03-03,6582699,35617,31117,23
2016-03-02,6547082,40203,31094,16
2016-03-01,6506879,30029,31078,13
2016-02-29,6476850,33798,31065,27
2016-02-28,6443052,29396,31038,16
2016-02-27,6413656,32116,31022,29
2016-02-26,6381540,28755,30993,14
2016-02-25,6352785,22398,30979,28
2016-02-24,6330387,17535,30951,22
2016-02-23,6312852,19880,30929,31
2016-02-22,6292972,20062,30898,9
2016-02-21,6272910,18869,30889,21
2016-02-20,6254041,13287,30868,16
2016-02-19,6240754,15977,30852,16
2016-02-18,6224777,17145,30836,15
2016-02-17,6207632,17279,30821,14
2016-02-16,6190353,13170,30807,11
2016-02-15,6177183,12102,30796,14
2016-02-14,6165081,14125,30782,27
2016-02-13,6150956,13625,30755,18
2016-02-12,6137331,13876,30737,14
2016-02-11,6123455,16772,30723,9
2016-02-10,6106683,18266,30714,16
2016-02-09,6088417,12481,30698,13
2016-02-08,6075936,14860,30685,25
2016-02-07,6061076,14096,30660,11
2016-02-06,6046980,10733,30649,20
2016-02-05,6036247,15583,30629,9
2016-02-04,6020664,28189,30620,16
2016-02-03,5992475,26429,30604,12
2016-02-02,5966046,19678,30592,7
2016-02-01,5946368,11419,30585,19
2016-01-31,5934949,10916,30566,4
2016-01-30,5924033,17931,30562,24
2016-01-29,5906102,35685,30538,33
2016-01-28,5870417,28746,30505,13
2016-01-27,5841671,19326,30492,24
2016-01-26,5822345,10633,30468,27
2016-01-25,5811712,10576,30441,20
2016-01-24,5801136,12296,30421,21
2016-01-23,5788840,12735,30400,30
2016-01-22,5776105,11314,30370,20
2016-01-21,5764791,12234,30350,13
2016-01-20,5752557,12929,30337,16
2016-01-19,5739628,12428,30321,10
2016-01-18,5727200,15220,30311,6
2016-01-17,5711980,14224,30305,17
2016-01-16,5697756,12067,30288,11
2016-01-15,5685689,14167,30277,9
2016-01-14,5671522,15138,30268,14
2016-01-13,5656384,20027,30254,10
2016-01-12,5636357,10382,30244,18
2016-01-11,5625975,10884,30226,11
2016-01-10,5615091,11031,30215,12
2016-01-09,5604060,12505,30203,9
2016-01-08,5591555,19818,30194,20
2016-01-07,5571737,13809,30174,7
2016-01-06,5557928,11900,30167,15
2016-01-05,5546028,11497,30152,14
2016-01-04,5534531,12797,30138,11
2016-01-03,5521734,11363,30127,17
2016-01-02,5510371,9153,30110,12
2016-01-01,5501218,7793,30098,23
2015-12-31,5493425,9874,30075,19
2015-12-30,5483551,13705,30056,11
2015-12-29,5469846,13195,30045,19
2015-12-28,5456651,10499,30026,18
2015-12-27,5446152,10790,30008,8
2015-12-26,5435362,10828,30000,13
2015-12-25,5424534,13201,29987,16
2015-12-24,5411333,13877,29971,13
2015-12-23,5397456,12255,29958,29
2015-12-22,5385201,17538,29929,16
2015-12-21,5367663,13872,29913,15
2015-12-20,5353791,14412,29898,16
2015-12-19,5339379,10911,29882,14
2015-12-18,5328468,11542,29868,7
2015-12-17,5316926,15619,29861,18
2015-12-16,5301307,18314,29843,33
2015-12-15,5282993,12653,29810,20
2015-12-14,5270340,13497,29790,33
2015-12-13,5256843,18196,29757,23
2015-12-12,5238647,19182,29734,20
2015-12-11,5219465,26684,29714,20
2015-12-10,5192781,30579,29694,29
2015-12-09,5162202,32027,29665,15
2015-12-08,5130175,19588,29650,31
2015-12-07,5110587,19912,29619,40
2015-12-06,5090675,7838,29579,9
2015-12-05,5082837,8853,29570,25
2015-12-04,5073984,10550,29545,37
2015-12-03,5063434,12086,29508,20
2015-12-02,5051348,9284,29488,20
2015-12-01,5042064,8284,29468,13
2015-11-30,5033780,5908,29455,17
2015-11-29,5027872,6390,29438,18
2015-11-28,5021482,6523,29420,8
2015-11-27,5014959,9620,29412,8
2015-11-26,5005339,7412,29404,21
2015-11-25,4997927,10163,29383,16
2015-11-24,4987764,12441,29367,18
2015-11-23,4975323,11228,29349,19
2015-11-22,4964095,8509,29330,30
2015-11-21,4955586,12648,29300,43
2015-11-20,4942938,16388,29257,29
2015-11-19,4926550,10675,29228,8
2015-11-18,4915875,18556,29220,13
2015-11-17,4897319,16653,29207,12
2015-11-16,4880666,19305,29195,25
2015-11-15,4861361,24279,29170,22
2015-11-14,4837082,23977,29148,13
2015-11-13,4813105,7377,29135,20
2015-11-12,4805728,7388,29115,16
2015-11-11,4798340,8960,29099,16
2015-11-10,4789380,7149,29083,17
2015-11-09,4782231,10216,29066,38
2015-11-08,4772015,21474,29028,23
2015-11-07,4750541,7530,29005,38
2015-11-06,4743011,6802,28967,15
2015-11-05,4736209,8562,28952,6
2015-11-04,4727647,6141,28946,32
2015-11-03,4721506,6331,28914,20
2015-11-02,4715175,6254,28894,22
2015-11-01,4708921,4660,28872,44
2015-10-31,4704261,6266,28828,25
2015-10-30,4697995,6857,28803,52
2015-10-29,4691138,12560,28751,27
2015-10-28,4678578,6715,28724,19
2015-10-27,4671863,7908,28705,12
2015-10-26,4663955,5051,28693,46
2015-10-25,4658904,5974,28647,25
2015-10-24,4652930,6980,28622,4
2015-10-23,4645950,8664,28618,10
2015-10-22,4637286,8026,28608,17
2015-10-21,4629260,6770,28591,28
2015-10-20,4622490,9169,28563,13
2015-10-19,4613321,5314,28550,70
2015-10-18,4608007,8699,28480,14
2015-10-17,4599308,8782,28466,21
2015-10-16,4590526,11836,28445,20
2015-10-15,4578690,24735,28425,18
2015-10-14,4553955,151817,28407,98
2015-10-13,4402138,6681,28309,12
2015-10-12,4395457,5969,28297,6
2015-10-11,4389488,5479,28291,13
2015-10-10,4384009,5636,28278,32
2015-10-09,4378373,6363,28246,24
2015-10-08,4372010,6849,28222,18
2015-10-07,4365161,6510,28204,41
2015-10-06,4358651,8126,28163,17
2015-10-05,4350525,4871,28146,23
2015-10-04,4345654,4711,28123,17
2015-10-03,4340943,5213,28106,23
2015-10-02,4335730,6551,28083,20
2015-10-01,4329179,7876,28063,20
2015-09-30,4321303,8281,28043,5
2015-09-29,4313022,8275,28038,12
2015-09-28,4304747,6753,28026,14
2015-09-27,4297994,7251,28012,12
2015-09-26,4290743,7113,28000,16
2015-09-25,4283630,11637,27984,15
2015-09-24,4271993,14185,27969,2
2015-09-23,4257808,11658,27967,20
2015-09-22,4246150,13533,27947,66
2015-09-21,4232617,10190,27881,9
2015-09-20,4222427,16779,27872,6
2015-09-19,4205648,11840,27866,6
2015-09-18,4193808,18206,27860,8
2015-09-17,4175602,24705,27852,9
2015-09-16,4150897,9428,27843,18
2015-09-15,4141469,9073,27825,14
2015-09-14,4132396,7634,27811,2
2015-09-13,4124762,6315,27809,41
2015-09-12,4118447,12137,27768,13
2015-09-11,4106310,9560,27755,4
2015-09-10,4096750,10050,27751,6
2015-09-09,4086700,7731,27745,16
2015-09-08,4078969,7782,27729,10
2015-09-07,4071187,9188,27719,30
2015-09-06,4061999,10527,27689,12
2015-09-05,4051472,9144,27677,5
2015-09-04,4042328,16285,27672,6
2015-09-03,4026043,13532,27666,14
2015-09-02,4012511,17959,27652,17
2015-09-01,3994552,17677,27635,10
2015-08-31,3976875,14319,27625,0
2015-08-30,3962556,11502,27625,8
2015-08-29,3951054,13166,27617,8
2015-08-28,3937888,15658,27609,17
2015-08-27,3922230,23532,27592,5
2015-08-26,3898698,35646,27587,25
2015-08-25,3863052,14401,27562,30
2015-08-24,3848651,15080,27532,2
2015-08-23,3833571,14787,27530,11
2015-08-22,3818784,16795,27519,10
2015-08-21,3801989,12860,27509,10
2015-08-20,3789129,13913,27499,7
2015-08-19,3775216,15815,27492,17
2015-08-18,3759401,11612,27475,17
2015-08-17,3747789,12029,27458,3
2015-08-16,3735760,11531,27455,10
2015-08-15,3724229,12152,27445,4
2015-08-14,3712077,12223,27441,8
2015-08-13,3699854,15753,27433,8
2015-08-12,3684101,23350,27425,13
2015-08-11,3660751,24753,27412,18
2015-08-10,3635998,24880,27394,13
2015-08-09,3611118,42109,27381,7
2015-08-08,3569009,68660,27374,64
2015-08-07,3500349,47752,27310,10
2015-08-06,3452597,11559,27300,32
2015-08-05,3441038,12885,27268,19
2015-08-04,3428153,8594,27249,37
2015-08-03,3419559,8246,27212,22
2015-08-02,3411313,5673,27190,6
2015-08-01,3405640,6019,27184,15
2015-07-31,3399621,9908,27169,25
2015-07-30,3389713,13668,27144,33
2015-07-29,3376045,13527,27111,27
2015-07-28,3362518,8776,27084,43
2015-07-27,3353742,6057,27041,28
2015-07-26,3347685,6801,27013,48
2015-07-25,3340884,10085,26965,29
2015-07-24,3330799,13111,26936,33
2015-07-23,3317688,12884,26903,32
2015-07-22,3304804,12037,26871,63
2015-07-21,3292767,9601,26808,39
2015-07-20,3283166,13167,26769,23
2015-07-19,3269999,18354,26746,29
2015-07-18,3251645,14128,26717,31
2015-07-17,3237517,11383,26686,39
2015-07-16,3226134,12091,26647,12
2015-07-15,3214043,21023,26635,24
2015-07-14,3193020,29821,26611,17
2015-07-13,3163199,13655,26594,10
2015-07-12,3149544,6405,26584,29
2015-07-11,3143139,6354,26555,20
2015-07-10,3136785,8379,26535,43
2015-07-09,3128406,6991,26492,23
2015-07-08,3121415,7073,26469,13
2015-07-07,3114342,7423,26456,12
2015-07-06,3106919,7325,26444,20
2015-07-05,3099594,4078,26424,47
2015-07-04,3095516,5052,26377,41
2015-07-03,3090464,6379,26336,61
2015-07-02,3084085,9270,26275,17
2015-07-01,3074815,6519,26258,17
2015-06-30,3068296,6838,26241,38
2015-06-29,3061458,2779,26203,33
2015-06-28,3058679,4018,26170,16
2015-06-27,3054661,5971,26154,5
2015-06-26,3048690,7860,26149,7
2015-06-25,3040830,3041,26142,27
2015-06-24,3037789,7676,26115,11
2015-06-23,3030113,2380,26104,30
2015-06-22,3027733,2400,26074,35
2015-06-21,3025333,4075,26039,10
2015-06-20,3021258,4140,26029,33
2015-06-19,3017118,6968,25996,13
2015-06-18,3010150,17391,25983,10
2015-06-17,2992759,33444,25973,45
2015-06-16,2959315,2051,25928,20
2015-06-15,2957264,1787,25908,12
2015-06-14,2955477,1584,25896,5
2015-06-13,2953893,1563,25891,45
2015-06-12,2952330,1903,25846,29
2015-06-11,2950427,1835,25817,16
2015-06-10,2948592,1898,25801,12
2015-06-09,2946694,1833,25789,11
2015-06-08,2944861,1617,25778,9
2015-06-07,2943244,1577,25769,21
2015-06-06,2941667,1795,25748,33
2015-06-05,2939872,1931,25715,24
2015-06-04,2937941,2021,25691,19
2015-06-03,2935920,2012,25672,19
2015-06-02,2933908,2060,25653,29
2015-06-01,2931848,1635,25624,25
2015-05-31,2930213,1857,25599,9
2015-05-30,2928356,1919,25590,16
2015-05-29,2926437,2067,25574,22
2015-05-28,2924370,2052,25552,47
2015-05-27,2922318,1569,25505,49
2015-05-26,2920749,1812,25456,25
2015-05-25,2918937,1861,25431,0
2015-05-24,2917076,1211,25431,21
2015-05-23,2915865,1582,25410,23
2015-05-22,2914283,1329,25387,59
2015-05-21,2912954,1633,25328,46
2015-05-20,2911321,1909,25282,31
2015-05-19,2909412,1700,25251,38
2015-05-18,2907712,1791,25213,14
2015-05-17,2905921,1657,25199,20
2015-05-16,2904264,2117,25179,9
2015-05-15,2902147,1997,25170,21
2015-05-14,2900150,2469,25149,18
2015-05-13,2897681,3565,25131,37
2015-05-12,2894116,4188,25094,23
2015-05-11,2889928,1719,25071,15
2015-05-10,2888209,1763,25056,12
2015-05-09,2886446,1627,25044,20
2015-05-08,2884819,1329,25024,18
2015-05-07,2883490,1438,25006,15
2015-05-06,2882052,1202,24991,51
2015-05-05,2880850,1165,24940,41
2015-05-04,2879685,1352,24899,12
2015-05-03,2878333,1435,24887,26
2015-05-02,2876898,1112,24861,48
2015-05-01,2875786,1350,24813,21
2015-04-30,2874436,1977,24792,21
2015-04-29,2872459,6963,24771,12
2015-04-28,2865496,1068,24759,35
2015-04-27,2864428,1716,24724,0
2015-04-26,2862712,1561,24724,18
2015-04-25,2861151,1340,24706,14
2015-04-24,2859811,1417,24692,52
2015-04-23,2858394,1756,24640,38
2015-04-22,2856638,3160,24602,36
2015-04-21,2853478,1444,24566,52
2015-04-20,2852034,1243,24514,22
2015-04-19,2850791,1330,24492,44
2015-04-18,2849461,1521,24448,27
2015-04-17,2847940,1108,24421,35
2015-04-16,2846832,950,24386,65
2015-04-15,2845882,1283,24321,10
2015-04-14,2844599,935,24311,27
2015-04-13,2843664,238,24284,83
2015-04-12,2843426,692,24201,38
2015-04-11,2842734,678,24163,48
2015-04-10,2842056,863,24115,15
2015-04-09,2841193,941,24100,19
2015-04-08,2840252,1196,24081,4
2015-04-07,2839056,558,24077,51
2015-04-06,2838498,984,24026,7
2015-04-05,2837514,937,24019,4
2015-04-04,2836577,972,24015,6
2015-04-03,2835605,1206,24009,13
2015-04-02,2834399,514,23996,55
2015-04-01,2833885,769,23941,55
2015-03-31,2833116,796,23886,26
2015-03-30,2832320,1060,23860,1
2015-03-29,2831260,1066,23859,0
2015-03-28,2830194,523,23859,4
2015-03-27,2829671,1675,23855,39
2015-03-26,2827996,1004,23816,29
2015-03-25,2826992,394,23787,43
2015-03-24,2826598,576,23744,65
2015-03-23,2826022,843,23679,6
2015-03-22,2825179,892,23673,0
2015-03-21,2824287,741,23673,19
2015-03-20,2823546,867,23654,20
2015-03-19,2822679,1141,23634,20
2015-03-18,2821538,702,23614,23
2015-03-17,2820836,613,23591,27
2015-03-16,2820223,719,23564,4
2015-03-15,2819504,-135,23560,0
2015-03-14,2819639,790,23560,24
2015-03-13,2818849,672,23536,18
2015-03-12,2818177,358,23518,47
2015-03-11,2817819,868,23471,22
2015-03-10,2816951,533,23449,29
2015-03-09,2816418,910,23420,3
2015-03-08,2815508,949,23417,0
2015-03-07,2814559,762,23417,25
2015-03-06,2813797,814,23392,45
2015-03-05,2812983,709,23347,29
2015-03-04,2812274,805,23318,15
2015-03-03,2811469,688,23303,18
2015-03-02,2810781,707,23285,17
2015-03-01,2810074,723,23268,8
2015-02-28,2809351,1022,23260,24
2015-02-27,2808329,1119,23236,11
2015-02-26,2807210,2141,23225,18
2015-02-25,2805069,2860,23207,22
2015-02-24,2802209,1123,23185,33
2015-02-23,2801086,1151,23152,5
2015-02-22,2799935,662,23147,11
2015-02-21,2799273,743,23136,16
2015-02-20,2798530,770,23120,29
2015-02-19,2797760,655,23091,21
2015-02-18,2797105,846,23070,24
2015-02-17,2796259,1585,23046,17
2015-02-16,2794674,747,23029,11
2015-02-15,2793927,440,23018,25
2015-02-14,2793487,452,22993,28
2015-02-13,2793035,478,22965,27
2015-02-12,2792557,781,22938,15
2015-02-11,2791776,359,22923,46
2015-02-10,2791417,-265,22877,113
2015-02-09,2791682,764,22764,5
2015-02-08,2790918,838,22759,6
2015-02-07,2790080,865,22753,20
2015-02-06,2789215,784,22733,19
2015-02-05,2788431,959,22714,26
2015-02-04,2787472,1183,22688,37
2015-02-03,2786289,1645,22651,77
2015-02-02,2784644,1199,22574,10
2015-02-01,2783445,749,22564,14
2015-01-31,2782696,722,22550,37
2015-01-30,2781974,596,22513,21
2015-01-29,2781378,864,22492,51
2015-01-28,2780514,1252,22441,28
2015-01-27,2779262,1803,22413,107
2015-01-26,2777459,3424,22306,17
2015-01-25,2774035,998,22289,52
2015-01-24,2773037,1320,22237,15
2015-01-23,2771717,1601,22222,29
2015-01-22,2770116,977,22193,15
2015-01-21,2769139,908,22178,31
2015-01-20,2768231,675,22147,79
2015-01-19,2767556,995,22068,16
2015-01-18,2766561,1233,22052,32
2015-01-17,2765328,677,22020,6
2015-01-16,2764651,567,22014,25
2015-01-15,2764084,787,21989,22
2015-01-14,2763297,801,21967,22
2015-01-13,2762496,616,21945,71
2015-01-12,2761880,1016,21874,11
2015-01-11,2760864,864,21863,13
2015-01-10,2760000,628,21850,20
2015-01-09,2759372,561,21830,108
2015-01-08,2758811,1531,21722,20
2015-01-07,2757280,869,21702,39
2015-01-06,2756411,-844,21663,130
2015-01-05,2757255,-1936,21533,159
2015-01-04,2759191,-650,21374,44
2015-01-03,2759841,-259,21330,46
2015-01-02,2760100,435,21284,19
2015-01-01,2759665,601,21265,21
2014-12-31,2759064,617,21244,22
2014-12-30,2758447,334,21222,40
2014-12-29,2758113,299,21182,22
2014-12-28,2757814,506,21160,10
2014-12-27,2757308,-460,21150,37
2014-12-26,2757768,539,21113,0
2014-12-25,2757229,135,21113,38
2014-12-24,2757094,410,21075,28
2014-12-23,2756684,474,21047,27
2014-12-22,2756210,506,21020,6
2014-12-21,2755704,380,21014,20
2014-12-20,2755324,581,20994,35
2014-12-19,2754743,495,20959,24
2014-12-18,2754248,678,20935,13
2014-12-17,2753570,570,20922,16
2014-12-16,2753000,-122,20906,52
2014-12-15,2753122,487,20854,7
2014-12-14,2752635,294,20847,18
2014-12-13,2752341,325,20829,11
2014-12-12,2752016,595,20818,24
2014-12-11,2751421,-212,20794,43
2014-12-10,2751633,244,20751,53
2014-12-09,2751389,245,20698,40
2014-12-08,2751144,323,20658,24
2014-12-07,2750821,470,20634,0
2014-12-06,2750351,542,20634,12
2014-12-05,2749809,404,20622,29
2014-12-04,2749405,381,20593,13
2014-12-03,2749024,-201,20580,69
2014-12-02,2749225,257,20511,53
2014-12-01,2748968,576,20458,2
2014-11-30,2748392,380,20456,13
2014-11-29,2748012,58,20443,24
2014-11-28,2747954,613,20419,3
2014-11-27,2747341,344,20416,22
2014-11-26,2746997,1850,20394,25
2014-11-25,2745147,1008,20369,39
2014-11-24,2744139,24,20330,33
2014-11-23,2744115,347,20297,11
2014-11-22,2743768,723,20286,31
2014-11-21,2743045,644,20255,13
2014-11-20,2742401,719,20242,21
2014-11-19,2741682,722,20221,25
2014-11-18,2740960,448,20196,12
2014-11-17,2740512,538,20184,9
2014-11-16,2739974,608,20175,1
2014-11-15,2739366,373,20174,14
2014-11-14,2738993,592,20160,15
2014-11-13,2738401,720,20145,10
2014-11-12,2737681,584,20135,21
2014-11-11,2737097,521,20114,17
2014-11-10,2736576,132,20097,39
2014-11-09,2736444,411,20058,14
2014-11-08,2736033,528,20044,22
2014-11-07,2735505,539,20022,56
2014-11-06,2734966,689,19966,27
2014-11-05,2734277,624,19939,47
2014-11-04,2733653,459,19892,21
2014-11-03,2733194,408,19871,27
2014-11-02,2732786,220,19844,37
2014-11-01,2732566,544,19807,30
2014-10-31,2732022,522,19777,20
2014-10-30,2731500,526,19757,26
2014-10-29,2730974,380,19731,37
2014-10-28,2730594,584,19694,17
2014-10-27,2730010,551,19677,25
2014-10-26,2729459,902,19652,6
2014-10-25,2728557,1554,19646,16
2014-10-24,2727003,2277,19630,19
2014-10-23,2724726,611,19611,30
2014-10-22,2724115,1285,19581,18
2014-10-21,2722830,1319,19563,31
2014-10-20,2721511,747,19532,12
2014-10-19,2720764,989,19520,19
2014-10-18,2719775,1849,19501,21
2014-10-17,2717926,2264,19480,26
2014-10-16,2715662,1007,19454,35
2014-10-15,2714655,612,19419,12
2014-10-14,2714043,1205,19407,27
2014-10-13,2712838,834,19380,17
2014-10-12,2712004,696,19363,8
2014-10-11,2711308,62,19355,51
2014-10-10,2711246,1307,19304,23
2014-10-09,2709939,733,19281,35
2014-10-08,2709206,641,19246,24
2014-10-07,2708565,448,19222,30
2014-10-06,2708117,949,19192,10
2014-10-05,2707168,1233,19182,10
2014-10-04,2705935,814,19172,5
2014-10-03,2705121,833,19167,26
2014-10-02,2704288,961,19141,16
2014-10-01,2703327,1039,19125,38
2014-09-30,2702288,2039,19087,29
2014-09-29,2700249,1985,19058,14
2014-09-28,2698264,1092,19044,5
2014-09-27,2697172,678,19039,15
2014-09-26,2696494,590,19024,12
2014-09-25,2695904,493,19012,17
2014-09-24,2695411,312,18995,26
2014-09-23,2695099,642,18969,16
2014-09-22,2694457,616,18953,15
2014-09-21,2693841,793,18938,-12
2014-09-20,2693048,1238,18950,21
2014-09-19,2691810,665,18929,11
2014-09-18,2691145,200,18918,23
2014-09-17,2690945,739,18895,64
2014-09-16,2690206,1407,18831,13
2014-09-15,2688799,1095,18818,8
2014-09-14,2687704,1168,18810,23
2014-09-13,2686536,2959,18787,9
2014-09-12,2683577,3313,18778,7
2014-09-11,2680264,2964,18771,29
2014-09-10,2677300,635,18742,29
2014-09-09,2676665,583,18713,11
2014-09-08,2676082,780,18702,16
2014-09-07,2675302,567,18686,9
2014-09-06,2674735,551,18677,43
2014-09-05,2674184,1522,18634,13
2014-09-04,2672662,847,18621,25
2014-09-03,2671815,668,18596,30
2014-09-02,2671147,675,18566,0
2014-09-01,2670472,409,18566,31
2014-08-31,2670063,797,18535,2
2014-08-30,2669266,707,18533,14
2014-08-29,2668559,809,18519,5
2014-08-28,2667750,783,18514,32
2014-08-27,2666967,868,18482,11
2014-08-26,2666099,570,18471,20
2014-08-25,2665529,533,18451,8
2014-08-24,2664996,383,18443,8
2014-08-23,2664613,481,18435,22
2014-08-22,2664132,479,18413,24
2014-08-21,2663653,735,18389,6
2014-08-20,2662918,560,18383,21
2014-08-19,2662358,670,18362,10
2014-08-18,2661688,649,18352,1
2014-08-17,2661039,771,18351,1
2014-08-16,2660268,727,18350,2
2014-08-15,2659541,1020,18348,2
2014-08-13,2658521,672,18346,13
2014-08-12,2657849,715,18333,31
2014-08-11,2657134,405,18302,32
2014-08-10,2656729,763,18270,0
2014-08-09,2655966,526,18270,6
2014-08-08,2655440,493,18264,25
2014-08-07,2654947,744,18239,15
2014-08-06,2654203,1182,18224,8
2014-08-05,2653021,1584,18216,27
2014-08-04,2651437,2050,18189,17
2014-08-03,2649387,1422,18172,8
2014-08-02,2647965,1232,18164,8
2014-08-01,2646733,995,18156,15
2014-07-31,2645738,276,18141,40
2014-07-30,2645462,551,18101,19
2014-07-29,2644911,282,18082,45
2014-07-28,2644629,477,18037,21
2014-07-27,2644152,698,18016,0
2014-07-26,2643454,499,18016,4
2014-07-25,2642955,687,18012,10
2014-07-24,2642268,457,18002,27
2014-07-23,2641811,792,17975,21
2014-07-22,2641019,833,17954,13
2014-07-21,2640186,893,17941,26
2014-07-20,2639293,792,17915,3
2014-07-19,2638501,625,17912,4
2014-07-18,2637876,776,17908,12
2014-07-17,2637100,728,17896,39
2014-07-16,2636372,758,17857,14
2014-07-15,2635614,770,17843,24
2014-07-14,2634844,555,17819,18
2014-07-13,2634289,625,17801,11
2014-07-12,2633664,950,17790,3
2014-07-11,2632714,773,17787,28
2014-07-10,2631941,163,17759,45
2014-07-09,2631778,664,17714,32
2014-07-08,2631114,645,17682,25
2014-07-07,2630469,532,17657,19
2014-07-06,2629937,748,17638,2
2014-07-05,2629189,640,17636,10
2014-07-04,2628549,973,17626,5
2014-07-03,2627576,632,17621,12
2014-07-02,2626944,662,17609,18
2014-07-01,2626282,609,17591,29
2014-06-30,2625673,611,17562,15
2014-06-29,2625062,276,17547,22
2014-06-28,2624786,703,17525,0
2014-06-27,2624083,660,17525,15
2014-06-26,2623423,311,17510,32
2014-06-25,2623112,565,17478,19
2014-06-24,2622547,743,17459,26
2014-06-23,2621804,257,17433,30
2014-06-22,2621547,112,17403,22
2014-06-21,2621435,2104,17381,135
2014-06-17,2619331,-372,17246,91
2014-06-16,2619703,512,17155,55
2014-06-15,2619191,-96,17100,52
2014-06-14,2619287,525,17048,9
2014-06-13,2618762,683,17039,48
2014-06-12,2618079,0,16991,0
